Time Series Search Export,Search term,Search filters,,Last update of Effective exchange rates data,Downloaded at,Source,Source URL,Download URL,About Effective exchange rates
,,,,2026-03-12,2026-03-13 16:26 CET,BIS,"https://data.bis.org/topics/EER/BIS,WS_EER,1.0/M.R.B.JP?","https://data.bis.org/topics/EER/BIS,WS_EER,1.0/M.R.B.JP?&file_format=csv&format=long&split_frequencies=false&transposed=false&include=code%2Clabel",https://data.bis.org/topics/EER

DATAFLOW_ID:Dataflow ID,KEY:Timeseries Key,FREQ:Frequency,EER_TYPE:Type,EER_BASKET:Basket,REF_AREA:Reference area,Unit,Unit multiplier,TIME_PERIOD:Period,OBS_CONF:Confidentiality,OBS_PRE_BREAK:Pre-break value,OBS_STATUS:Status,OBS_VALUE:Value
"BIS,WS_EER,1.0",M.R.B.JP,M:Monthly,R:Real,B:Broad (64 economies),JP:Japan,"Index, 2020 = 100",,1994-01-31,F:Free,,A:Normal value,164.06
"BIS,WS_EER,1.0",M.R.B.JP,M:Monthly,R:Real,B:Broad (64 economies),JP:Japan,"Index, 2020 = 100",,1994-02-28,F:Free,,A:Normal value,170.63
"BIS,WS_EER,1.0",M.R.B.JP,M:Monthly,R:Real,B:Broad (64 economies),JP:Japan,"Index, 2020 = 100",,1994-03-31,F:Free,,A:Normal value,172.24
"BIS,WS_EER,1.0",M.R.B.JP,M:Monthly,R:Real,B:Broad (64 economies),JP:Japan,"Index, 2020 = 100",,1994-04-30,F:Free,,A:Normal value,174.82
"BIS,WS_EER,1.0",M.R.B.JP,M:Monthly,R:Real,B:Broad (64 economies),JP:Japan,"Index, 2020 = 100",,1994-05-31,F:Free,,A:Normal value,172.69
"BIS,WS_EER,1.0",M.R.B.JP,M:Monthly,R:Real,B:Broad (64 economies),JP:Japan,"Index, 2020 = 100",,1994-06-30,F:Free,,A:Normal value,172.33
"BIS,WS_EER,1.0",M.R.B.JP,M:Monthly,R:Real,B:Broad (64 economies),JP:Japan,"Index, 2020 = 100",,1994-07-31,F:Free,,A:Normal value,176.37
"BIS,WS_EER,1.0",M.R.B.JP,M:Monthly,R:Real,B:Broad (64 economies),JP:Japan,"Index, 2020 = 100",,1994-08-31,F:Free,,A:Normal value,173.19
"BIS,WS_EER,1.0",M.R.B.JP,M:Monthly,R:Real,B:Broad (64 economies),JP:Japan,"Index, 2020 = 100",,1994-09-30,F:Free,,A:Normal value,173.65
"BIS,WS_EER,1.0",M.R.B.JP,M:Monthly,R:Real,B:Broad (64 economies),JP:Japan,"Index, 2020 = 100",,1994-10-31,F:Free,,A:Normal value,173.78
"BIS,WS_EER,1.0",M.R.B.JP,M:Monthly,R:Real,B:Broad (64 economies),JP:Japan,"Index, 2020 = 100",,1994-11-30,F:Free,,A:Normal value,173.95
"BIS,WS_EER,1.0",M.R.B.JP,M:Monthly,R:Real,B:Broad (64 economies),JP:Japan,"Index, 2020 = 100",,1994-12-31,F:Free,,A:Normal value,170.54
"BIS,WS_EER,1.0",M.R.B.JP,M:Monthly,R:Real,B:Broad (64 economies),JP:Japan,"Index, 2020 = 100",,1995-01-31,F:Free,,A:Normal value,169.59
"BIS,WS_EER,1.0",M.R.B.JP,M:Monthly,R:Real,B:Broad (64 economies),JP:Japan,"Index, 2020 = 100",,1995-02-28,F:Free,,A:Normal value,170.36
"BIS,WS_EER,1.0",M.R.B.JP,M:Monthly,R:Real,B:Broad (64 economies),JP:Japan,"Index, 2020 = 100",,1995-03-31,F:Free,,A:Normal value,181.98
"BIS,WS_EER,1.0",M.R.B.JP,M:Monthly,R:Real,B:Broad (64 economies),JP:Japan,"Index, 2020 = 100",,1995-04-30,F:Free,,A:Normal value,193.95
"BIS,WS_EER,1.0",M.R.B.JP,M:Monthly,R:Real,B:Broad (64 economies),JP:Japan,"Index, 2020 = 100",,1995-05-31,F:Free,,A:Normal value,191.33
"BIS,WS_EER,1.0",M.R.B.JP,M:Monthly,R:Real,B:Broad (64 economies),JP:Japan,"Index, 2020 = 100",,1995-06-30,F:Free,,A:Normal value,191.24
"BIS,WS_EER,1.0",M.R.B.JP,M:Monthly,R:Real,B:Broad (64 economies),JP:Japan,"Index, 2020 = 100",,1995-07-31,F:Free,,A:Normal value,184.02
"BIS,WS_EER,1.0",M.R.B.JP,M:Monthly,R:Real,B:Broad (64 economies),JP:Japan,"Index, 2020 = 100",,1995-08-31,F:Free,,A:Normal value,170.95
"BIS,WS_EER,1.0",M.R.B.JP,M:Monthly,R:Real,B:Broad (64 economies),JP:Japan,"Index, 2020 = 100",,1995-09-30,F:Free,,A:Normal value,161.86
"BIS,WS_EER,1.0",M.R.B.JP,M:Monthly,R:Real,B:Broad (64 economies),JP:Japan,"Index, 2020 = 100",,1995-10-31,F:Free,,A:Normal value,159.47
"BIS,WS_EER,1.0",M.R.B.JP,M:Monthly,R:Real,B:Broad (64 economies),JP:Japan,"Index, 2020 = 100",,1995-11-30,F:Free,,A:Normal value,157.44
"BIS,WS_EER,1.0",M.R.B.JP,M:Monthly,R:Real,B:Broad (64 economies),JP:Japan,"Index, 2020 = 100",,1995-12-31,F:Free,,A:Normal value,158.01
"BIS,WS_EER,1.0",M.R.B.JP,M:Monthly,R:Real,B:Broad (64 economies),JP:Japan,"Index, 2020 = 100",,1996-01-31,F:Free,,A:Normal value,151.67
"BIS,WS_EER,1.0",M.R.B.JP,M:Monthly,R:Real,B:Broad (64 economies),JP:Japan,"Index, 2020 = 100",,1996-02-29,F:Free,,A:Normal value,150.53
"BIS,WS_EER,1.0",M.R.B.JP,M:Monthly,R:Real,B:Broad (64 economies),JP:Japan,"Index, 2020 = 100",,1996-03-31,F:Free,,A:Normal value,150.01
"BIS,WS_EER,1.0",M.R.B.JP,M:Monthly,R:Real,B:Broad (64 economies),JP:Japan,"Index, 2020 = 100",,1996-04-30,F:Free,,A:Normal value,148.44
"BIS,WS_EER,1.0",M.R.B.JP,M:Monthly,R:Real,B:Broad (64 economies),JP:Japan,"Index, 2020 = 100",,1996-05-31,F:Free,,A:Normal value,150.14
"BIS,WS_EER,1.0",M.R.B.JP,M:Monthly,R:Real,B:Broad (64 economies),JP:Japan,"Index, 2020 = 100",,1996-06-30,F:Free,,A:Normal value,146.26
"BIS,WS_EER,1.0",M.R.B.JP,M:Monthly,R:Real,B:Broad (64 economies),JP:Japan,"Index, 2020 = 100",,1996-07-31,F:Free,,A:Normal value,145.41
"BIS,WS_EER,1.0",M.R.B.JP,M:Monthly,R:Real,B:Broad (64 economies),JP:Japan,"Index, 2020 = 100",,1996-08-31,F:Free,,A:Normal value,146.13
"BIS,WS_EER,1.0",M.R.B.JP,M:Monthly,R:Real,B:Broad (64 economies),JP:Japan,"Index, 2020 = 100",,1996-09-30,F:Free,,A:Normal value,143.79
"BIS,WS_EER,1.0",M.R.B.JP,M:Monthly,R:Real,B:Broad (64 economies),JP:Japan,"Index, 2020 = 100",,1996-10-31,F:Free,,A:Normal value,141.02
"BIS,WS_EER,1.0",M.R.B.JP,M:Monthly,R:Real,B:Broad (64 economies),JP:Japan,"Index, 2020 = 100",,1996-11-30,F:Free,,A:Normal value,139.9
"BIS,WS_EER,1.0",M.R.B.JP,M:Monthly,R:Real,B:Broad (64 economies),JP:Japan,"Index, 2020 = 100",,1996-12-31,F:Free,,A:Normal value,138.69
"BIS,WS_EER,1.0",M.R.B.JP,M:Monthly,R:Real,B:Broad (64 economies),JP:Japan,"Index, 2020 = 100",,1997-01-31,F:Free,,A:Normal value,134.31
"BIS,WS_EER,1.0",M.R.B.JP,M:Monthly,R:Real,B:Broad (64 economies),JP:Japan,"Index, 2020 = 100",,1997-02-28,F:Free,,A:Normal value,129.34
"BIS,WS_EER,1.0",M.R.B.JP,M:Monthly,R:Real,B:Broad (64 economies),JP:Japan,"Index, 2020 = 100",,1997-03-31,F:Free,,A:Normal value,130.52
"BIS,WS_EER,1.0",M.R.B.JP,M:Monthly,R:Real,B:Broad (64 economies),JP:Japan,"Index, 2020 = 100",,1997-04-30,F:Free,,A:Normal value,129.84
"BIS,WS_EER,1.0",M.R.B.JP,M:Monthly,R:Real,B:Broad (64 economies),JP:Japan,"Index, 2020 = 100",,1997-05-31,F:Free,,A:Normal value,137.49
"BIS,WS_EER,1.0",M.R.B.JP,M:Monthly,R:Real,B:Broad (64 economies),JP:Japan,"Index, 2020 = 100",,1997-06-30,F:Free,,A:Normal value,142.68
"BIS,WS_EER,1.0",M.R.B.JP,M:Monthly,R:Real,B:Broad (64 economies),JP:Japan,"Index, 2020 = 100",,1997-07-31,F:Free,,A:Normal value,143.13
"BIS,WS_EER,1.0",M.R.B.JP,M:Monthly,R:Real,B:Broad (64 economies),JP:Japan,"Index, 2020 = 100",,1997-08-31,F:Free,,A:Normal value,141.95
"BIS,WS_EER,1.0",M.R.B.JP,M:Monthly,R:Real,B:Broad (64 economies),JP:Japan,"Index, 2020 = 100",,1997-09-30,F:Free,,A:Normal value,139.7
"BIS,WS_EER,1.0",M.R.B.JP,M:Monthly,R:Real,B:Broad (64 economies),JP:Japan,"Index, 2020 = 100",,1997-10-31,F:Free,,A:Normal value,140.98
"BIS,WS_EER,1.0",M.R.B.JP,M:Monthly,R:Real,B:Broad (64 economies),JP:Japan,"Index, 2020 = 100",,1997-11-30,F:Free,,A:Normal value,136.37
"BIS,WS_EER,1.0",M.R.B.JP,M:Monthly,R:Real,B:Broad (64 economies),JP:Japan,"Index, 2020 = 100",,1997-12-31,F:Free,,A:Normal value,137.7
"BIS,WS_EER,1.0",M.R.B.JP,M:Monthly,R:Real,B:Broad (64 economies),JP:Japan,"Index, 2020 = 100",,1998-01-31,F:Free,,A:Normal value,142.74
"BIS,WS_EER,1.0",M.R.B.JP,M:Monthly,R:Real,B:Broad (64 economies),JP:Japan,"Index, 2020 = 100",,1998-02-28,F:Free,,A:Normal value,143.56
"BIS,WS_EER,1.0",M.R.B.JP,M:Monthly,R:Real,B:Broad (64 economies),JP:Japan,"Index, 2020 = 100",,1998-03-31,F:Free,,A:Normal value,138.72
"BIS,WS_EER,1.0",M.R.B.JP,M:Monthly,R:Real,B:Broad (64 economies),JP:Japan,"Index, 2020 = 100",,1998-04-30,F:Free,,A:Normal value,134.01
"BIS,WS_EER,1.0",M.R.B.JP,M:Monthly,R:Real,B:Broad (64 economies),JP:Japan,"Index, 2020 = 100",,1998-05-31,F:Free,,A:Normal value,132.11
"BIS,WS_EER,1.0",M.R.B.JP,M:Monthly,R:Real,B:Broad (64 economies),JP:Japan,"Index, 2020 = 100",,1998-06-30,F:Free,,A:Normal value,128.7
"BIS,WS_EER,1.0",M.R.B.JP,M:Monthly,R:Real,B:Broad (64 economies),JP:Japan,"Index, 2020 = 100",,1998-07-31,F:Free,,A:Normal value,127.32
"BIS,WS_EER,1.0",M.R.B.JP,M:Monthly,R:Real,B:Broad (64 economies),JP:Japan,"Index, 2020 = 100",,1998-08-31,F:Free,,A:Normal value,123.74
"BIS,WS_EER,1.0",M.R.B.JP,M:Monthly,R:Real,B:Broad (64 economies),JP:Japan,"Index, 2020 = 100",,1998-09-30,F:Free,,A:Normal value,132.14
"BIS,WS_EER,1.0",M.R.B.JP,M:Monthly,R:Real,B:Broad (64 economies),JP:Japan,"Index, 2020 = 100",,1998-10-31,F:Free,,A:Normal value,145.15
"BIS,WS_EER,1.0",M.R.B.JP,M:Monthly,R:Real,B:Broad (64 economies),JP:Japan,"Index, 2020 = 100",,1998-11-30,F:Free,,A:Normal value,145.02
"BIS,WS_EER,1.0",M.R.B.JP,M:Monthly,R:Real,B:Broad (64 economies),JP:Japan,"Index, 2020 = 100",,1998-12-31,F:Free,,A:Normal value,147.75
"BIS,WS_EER,1.0",M.R.B.JP,M:Monthly,R:Real,B:Broad (64 economies),JP:Japan,"Index, 2020 = 100",,1999-01-31,F:Free,,A:Normal value,152.37
"BIS,WS_EER,1.0",M.R.B.JP,M:Monthly,R:Real,B:Broad (64 economies),JP:Japan,"Index, 2020 = 100",,1999-02-28,F:Free,,A:Normal value,148.26
"BIS,WS_EER,1.0",M.R.B.JP,M:Monthly,R:Real,B:Broad (64 economies),JP:Japan,"Index, 2020 = 100",,1999-03-31,F:Free,,A:Normal value,146.32
"BIS,WS_EER,1.0",M.R.B.JP,M:Monthly,R:Real,B:Broad (64 economies),JP:Japan,"Index, 2020 = 100",,1999-04-30,F:Free,,A:Normal value,146.36
"BIS,WS_EER,1.0",M.R.B.JP,M:Monthly,R:Real,B:Broad (64 economies),JP:Japan,"Index, 2020 = 100",,1999-05-31,F:Free,,A:Normal value,143.31
"BIS,WS_EER,1.0",M.R.B.JP,M:Monthly,R:Real,B:Broad (64 economies),JP:Japan,"Index, 2020 = 100",,1999-06-30,F:Free,,A:Normal value,144.91
"BIS,WS_EER,1.0",M.R.B.JP,M:Monthly,R:Real,B:Broad (64 economies),JP:Japan,"Index, 2020 = 100",,1999-07-31,F:Free,,A:Normal value,145.87
"BIS,WS_EER,1.0",M.R.B.JP,M:Monthly,R:Real,B:Broad (64 economies),JP:Japan,"Index, 2020 = 100",,1999-08-31,F:Free,,A:Normal value,153.59
"BIS,WS_EER,1.0",M.R.B.JP,M:Monthly,R:Real,B:Broad (64 economies),JP:Japan,"Index, 2020 = 100",,1999-09-30,F:Free,,A:Normal value,163.04
"BIS,WS_EER,1.0",M.R.B.JP,M:Monthly,R:Real,B:Broad (64 economies),JP:Japan,"Index, 2020 = 100",,1999-10-31,F:Free,,A:Normal value,163.65
"BIS,WS_EER,1.0",M.R.B.JP,M:Monthly,R:Real,B:Broad (64 economies),JP:Japan,"Index, 2020 = 100",,1999-11-30,F:Free,,A:Normal value,165.43
"BIS,WS_EER,1.0",M.R.B.JP,M:Monthly,R:Real,B:Broad (64 economies),JP:Japan,"Index, 2020 = 100",,1999-12-31,F:Free,,A:Normal value,168.49
"BIS,WS_EER,1.0",M.R.B.JP,M:Monthly,R:Real,B:Broad (64 economies),JP:Japan,"Index, 2020 = 100",,2000-01-31,F:Free,,A:Normal value,162.96
"BIS,WS_EER,1.0",M.R.B.JP,M:Monthly,R:Real,B:Broad (64 economies),JP:Japan,"Index, 2020 = 100",,2000-02-29,F:Free,,A:Normal value,156.39
"BIS,WS_EER,1.0",M.R.B.JP,M:Monthly,R:Real,B:Broad (64 economies),JP:Japan,"Index, 2020 = 100",,2000-03-31,F:Free,,A:Normal value,161.76
"BIS,WS_EER,1.0",M.R.B.JP,M:Monthly,R:Real,B:Broad (64 economies),JP:Japan,"Index, 2020 = 100",,2000-04-30,F:Free,,A:Normal value,164.0
"BIS,WS_EER,1.0",M.R.B.JP,M:Monthly,R:Real,B:Broad (64 economies),JP:Japan,"Index, 2020 = 100",,2000-05-31,F:Free,,A:Normal value,162.56
"BIS,WS_EER,1.0",M.R.B.JP,M:Monthly,R:Real,B:Broad (64 economies),JP:Japan,"Index, 2020 = 100",,2000-06-30,F:Free,,A:Normal value,163.76
"BIS,WS_EER,1.0",M.R.B.JP,M:Monthly,R:Real,B:Broad (64 economies),JP:Japan,"Index, 2020 = 100",,2000-07-31,F:Free,,A:Normal value,161.05
"BIS,WS_EER,1.0",M.R.B.JP,M:Monthly,R:Real,B:Broad (64 economies),JP:Japan,"Index, 2020 = 100",,2000-08-31,F:Free,,A:Normal value,162.07
"BIS,WS_EER,1.0",M.R.B.JP,M:Monthly,R:Real,B:Broad (64 economies),JP:Japan,"Index, 2020 = 100",,2000-09-30,F:Free,,A:Normal value,164.67
"BIS,WS_EER,1.0",M.R.B.JP,M:Monthly,R:Real,B:Broad (64 economies),JP:Japan,"Index, 2020 = 100",,2000-10-31,F:Free,,A:Normal value,163.57
"BIS,WS_EER,1.0",M.R.B.JP,M:Monthly,R:Real,B:Broad (64 economies),JP:Japan,"Index, 2020 = 100",,2000-11-30,F:Free,,A:Normal value,162.85
"BIS,WS_EER,1.0",M.R.B.JP,M:Monthly,R:Real,B:Broad (64 economies),JP:Japan,"Index, 2020 = 100",,2000-12-31,F:Free,,A:Normal value,157.1
"BIS,WS_EER,1.0",M.R.B.JP,M:Monthly,R:Real,B:Broad (64 economies),JP:Japan,"Index, 2020 = 100",,2001-01-31,F:Free,,A:Normal value,149.25
"BIS,WS_EER,1.0",M.R.B.JP,M:Monthly,R:Real,B:Broad (64 economies),JP:Japan,"Index, 2020 = 100",,2001-02-28,F:Free,,A:Normal value,149.76
"BIS,WS_EER,1.0",M.R.B.JP,M:Monthly,R:Real,B:Broad (64 economies),JP:Japan,"Index, 2020 = 100",,2001-03-31,F:Free,,A:Normal value,144.38
"BIS,WS_EER,1.0",M.R.B.JP,M:Monthly,R:Real,B:Broad (64 economies),JP:Japan,"Index, 2020 = 100",,2001-04-30,F:Free,,A:Normal value,142.61
"BIS,WS_EER,1.0",M.R.B.JP,M:Monthly,R:Real,B:Broad (64 economies),JP:Japan,"Index, 2020 = 100",,2001-05-31,F:Free,,A:Normal value,145.0
"BIS,WS_EER,1.0",M.R.B.JP,M:Monthly,R:Real,B:Broad (64 economies),JP:Japan,"Index, 2020 = 100",,2001-06-30,F:Free,,A:Normal value,145.24
"BIS,WS_EER,1.0",M.R.B.JP,M:Monthly,R:Real,B:Broad (64 economies),JP:Japan,"Index, 2020 = 100",,2001-07-31,F:Free,,A:Normal value,142.36
"BIS,WS_EER,1.0",M.R.B.JP,M:Monthly,R:Real,B:Broad (64 economies),JP:Japan,"Index, 2020 = 100",,2001-08-31,F:Free,,A:Normal value,144.1
"BIS,WS_EER,1.0",M.R.B.JP,M:Monthly,R:Real,B:Broad (64 economies),JP:Japan,"Index, 2020 = 100",,2001-09-30,F:Free,,A:Normal value,146.63
"BIS,WS_EER,1.0",M.R.B.JP,M:Monthly,R:Real,B:Broad (64 economies),JP:Japan,"Index, 2020 = 100",,2001-10-31,F:Free,,A:Normal value,144.33
"BIS,WS_EER,1.0",M.R.B.JP,M:Monthly,R:Real,B:Broad (64 economies),JP:Japan,"Index, 2020 = 100",,2001-11-30,F:Free,,A:Normal value,142.9
"BIS,WS_EER,1.0",M.R.B.JP,M:Monthly,R:Real,B:Broad (64 economies),JP:Japan,"Index, 2020 = 100",,2001-12-31,F:Free,,A:Normal value,137.42
"BIS,WS_EER,1.0",M.R.B.JP,M:Monthly,R:Real,B:Broad (64 economies),JP:Japan,"Index, 2020 = 100",,2002-01-31,F:Free,,A:Normal value,131.52
"BIS,WS_EER,1.0",M.R.B.JP,M:Monthly,R:Real,B:Broad (64 economies),JP:Japan,"Index, 2020 = 100",,2002-02-28,F:Free,,A:Normal value,129.68
"BIS,WS_EER,1.0",M.R.B.JP,M:Monthly,R:Real,B:Broad (64 economies),JP:Japan,"Index, 2020 = 100",,2002-03-31,F:Free,,A:Normal value,132.07
"BIS,WS_EER,1.0",M.R.B.JP,M:Monthly,R:Real,B:Broad (64 economies),JP:Japan,"Index, 2020 = 100",,2002-04-30,F:Free,,A:Normal value,131.65
"BIS,WS_EER,1.0",M.R.B.JP,M:Monthly,R:Real,B:Broad (64 economies),JP:Japan,"Index, 2020 = 100",,2002-05-31,F:Free,,A:Normal value,134.84
"BIS,WS_EER,1.0",M.R.B.JP,M:Monthly,R:Real,B:Broad (64 economies),JP:Japan,"Index, 2020 = 100",,2002-06-30,F:Free,,A:Normal value,136.44
"BIS,WS_EER,1.0",M.R.B.JP,M:Monthly,R:Real,B:Broad (64 economies),JP:Japan,"Index, 2020 = 100",,2002-07-31,F:Free,,A:Normal value,140.46
"BIS,WS_EER,1.0",M.R.B.JP,M:Monthly,R:Real,B:Broad (64 economies),JP:Japan,"Index, 2020 = 100",,2002-08-31,F:Free,,A:Normal value,140.63
"BIS,WS_EER,1.0",M.R.B.JP,M:Monthly,R:Real,B:Broad (64 economies),JP:Japan,"Index, 2020 = 100",,2002-09-30,F:Free,,A:Normal value,138.39
"BIS,WS_EER,1.0",M.R.B.JP,M:Monthly,R:Real,B:Broad (64 economies),JP:Japan,"Index, 2020 = 100",,2002-10-31,F:Free,,A:Normal value,134.88
"BIS,WS_EER,1.0",M.R.B.JP,M:Monthly,R:Real,B:Broad (64 economies),JP:Japan,"Index, 2020 = 100",,2002-11-30,F:Free,,A:Normal value,136.24
"BIS,WS_EER,1.0",M.R.B.JP,M:Monthly,R:Real,B:Broad (64 economies),JP:Japan,"Index, 2020 = 100",,2002-12-31,F:Free,,A:Normal value,134.86
"BIS,WS_EER,1.0",M.R.B.JP,M:Monthly,R:Real,B:Broad (64 economies),JP:Japan,"Index, 2020 = 100",,2003-01-31,F:Free,,A:Normal value,135.68
"BIS,WS_EER,1.0",M.R.B.JP,M:Monthly,R:Real,B:Broad (64 economies),JP:Japan,"Index, 2020 = 100",,2003-02-28,F:Free,,A:Normal value,133.73
"BIS,WS_EER,1.0",M.R.B.JP,M:Monthly,R:Real,B:Broad (64 economies),JP:Japan,"Index, 2020 = 100",,2003-03-31,F:Free,,A:Normal value,134.92
"BIS,WS_EER,1.0",M.R.B.JP,M:Monthly,R:Real,B:Broad (64 economies),JP:Japan,"Index, 2020 = 100",,2003-04-30,F:Free,,A:Normal value,133.36
"BIS,WS_EER,1.0",M.R.B.JP,M:Monthly,R:Real,B:Broad (64 economies),JP:Japan,"Index, 2020 = 100",,2003-05-31,F:Free,,A:Normal value,134.09
"BIS,WS_EER,1.0",M.R.B.JP,M:Monthly,R:Real,B:Broad (64 economies),JP:Japan,"Index, 2020 = 100",,2003-06-30,F:Free,,A:Normal value,132.29
"BIS,WS_EER,1.0",M.R.B.JP,M:Monthly,R:Real,B:Broad (64 economies),JP:Japan,"Index, 2020 = 100",,2003-07-31,F:Free,,A:Normal value,132.44
"BIS,WS_EER,1.0",M.R.B.JP,M:Monthly,R:Real,B:Broad (64 economies),JP:Japan,"Index, 2020 = 100",,2003-08-31,F:Free,,A:Normal value,132.97
"BIS,WS_EER,1.0",M.R.B.JP,M:Monthly,R:Real,B:Broad (64 economies),JP:Japan,"Index, 2020 = 100",,2003-09-30,F:Free,,A:Normal value,136.26
"BIS,WS_EER,1.0",M.R.B.JP,M:Monthly,R:Real,B:Broad (64 economies),JP:Japan,"Index, 2020 = 100",,2003-10-31,F:Free,,A:Normal value,140.96
"BIS,WS_EER,1.0",M.R.B.JP,M:Monthly,R:Real,B:Broad (64 economies),JP:Japan,"Index, 2020 = 100",,2003-11-30,F:Free,,A:Normal value,140.39
"BIS,WS_EER,1.0",M.R.B.JP,M:Monthly,R:Real,B:Broad (64 economies),JP:Japan,"Index, 2020 = 100",,2003-12-31,F:Free,,A:Normal value,140.46
"BIS,WS_EER,1.0",M.R.B.JP,M:Monthly,R:Real,B:Broad (64 economies),JP:Japan,"Index, 2020 = 100",,2004-01-31,F:Free,,A:Normal value,140.04
"BIS,WS_EER,1.0",M.R.B.JP,M:Monthly,R:Real,B:Broad (64 economies),JP:Japan,"Index, 2020 = 100",,2004-02-29,F:Free,,A:Normal value,139.09
"BIS,WS_EER,1.0",M.R.B.JP,M:Monthly,R:Real,B:Broad (64 economies),JP:Japan,"Index, 2020 = 100",,2004-03-31,F:Free,,A:Normal value,137.38
"BIS,WS_EER,1.0",M.R.B.JP,M:Monthly,R:Real,B:Broad (64 economies),JP:Japan,"Index, 2020 = 100",,2004-04-30,F:Free,,A:Normal value,138.31
"BIS,WS_EER,1.0",M.R.B.JP,M:Monthly,R:Real,B:Broad (64 economies),JP:Japan,"Index, 2020 = 100",,2004-05-31,F:Free,,A:Normal value,133.74
"BIS,WS_EER,1.0",M.R.B.JP,M:Monthly,R:Real,B:Broad (64 economies),JP:Japan,"Index, 2020 = 100",,2004-06-30,F:Free,,A:Normal value,136.69
"BIS,WS_EER,1.0",M.R.B.JP,M:Monthly,R:Real,B:Broad (64 economies),JP:Japan,"Index, 2020 = 100",,2004-07-31,F:Free,,A:Normal value,135.74
"BIS,WS_EER,1.0",M.R.B.JP,M:Monthly,R:Real,B:Broad (64 economies),JP:Japan,"Index, 2020 = 100",,2004-08-31,F:Free,,A:Normal value,134.57
"BIS,WS_EER,1.0",M.R.B.JP,M:Monthly,R:Real,B:Broad (64 economies),JP:Japan,"Index, 2020 = 100",,2004-09-30,F:Free,,A:Normal value,134.77
"BIS,WS_EER,1.0",M.R.B.JP,M:Monthly,R:Real,B:Broad (64 economies),JP:Japan,"Index, 2020 = 100",,2004-10-31,F:Free,,A:Normal value,135.59
"BIS,WS_EER,1.0",M.R.B.JP,M:Monthly,R:Real,B:Broad (64 economies),JP:Japan,"Index, 2020 = 100",,2004-11-30,F:Free,,A:Normal value,138.13
"BIS,WS_EER,1.0",M.R.B.JP,M:Monthly,R:Real,B:Broad (64 economies),JP:Japan,"Index, 2020 = 100",,2004-12-31,F:Free,,A:Normal value,136.96
"BIS,WS_EER,1.0",M.R.B.JP,M:Monthly,R:Real,B:Broad (64 economies),JP:Japan,"Index, 2020 = 100",,2005-01-31,F:Free,,A:Normal value,137.33
"BIS,WS_EER,1.0",M.R.B.JP,M:Monthly,R:Real,B:Broad (64 economies),JP:Japan,"Index, 2020 = 100",,2005-02-28,F:Free,,A:Normal value,133.68
"BIS,WS_EER,1.0",M.R.B.JP,M:Monthly,R:Real,B:Broad (64 economies),JP:Japan,"Index, 2020 = 100",,2005-03-31,F:Free,,A:Normal value,132.8
"BIS,WS_EER,1.0",M.R.B.JP,M:Monthly,R:Real,B:Broad (64 economies),JP:Japan,"Index, 2020 = 100",,2005-04-30,F:Free,,A:Normal value,130.78
"BIS,WS_EER,1.0",M.R.B.JP,M:Monthly,R:Real,B:Broad (64 economies),JP:Japan,"Index, 2020 = 100",,2005-05-31,F:Free,,A:Normal value,132.12
"BIS,WS_EER,1.0",M.R.B.JP,M:Monthly,R:Real,B:Broad (64 economies),JP:Japan,"Index, 2020 = 100",,2005-06-30,F:Free,,A:Normal value,130.72
"BIS,WS_EER,1.0",M.R.B.JP,M:Monthly,R:Real,B:Broad (64 economies),JP:Japan,"Index, 2020 = 100",,2005-07-31,F:Free,,A:Normal value,127.02
"BIS,WS_EER,1.0",M.R.B.JP,M:Monthly,R:Real,B:Broad (64 economies),JP:Japan,"Index, 2020 = 100",,2005-08-31,F:Free,,A:Normal value,126.9
"BIS,WS_EER,1.0",M.R.B.JP,M:Monthly,R:Real,B:Broad (64 economies),JP:Japan,"Index, 2020 = 100",,2005-09-30,F:Free,,A:Normal value,126.3
"BIS,WS_EER,1.0",M.R.B.JP,M:Monthly,R:Real,B:Broad (64 economies),JP:Japan,"Index, 2020 = 100",,2005-10-31,F:Free,,A:Normal value,122.57
"BIS,WS_EER,1.0",M.R.B.JP,M:Monthly,R:Real,B:Broad (64 economies),JP:Japan,"Index, 2020 = 100",,2005-11-30,F:Free,,A:Normal value,119.18
"BIS,WS_EER,1.0",M.R.B.JP,M:Monthly,R:Real,B:Broad (64 economies),JP:Japan,"Index, 2020 = 100",,2005-12-31,F:Free,,A:Normal value,118.45
"BIS,WS_EER,1.0",M.R.B.JP,M:Monthly,R:Real,B:Broad (64 economies),JP:Japan,"Index, 2020 = 100",,2006-01-31,F:Free,,A:Normal value,119.5
"BIS,WS_EER,1.0",M.R.B.JP,M:Monthly,R:Real,B:Broad (64 economies),JP:Japan,"Index, 2020 = 100",,2006-02-28,F:Free,,A:Normal value,116.36
"BIS,WS_EER,1.0",M.R.B.JP,M:Monthly,R:Real,B:Broad (64 economies),JP:Japan,"Index, 2020 = 100",,2006-03-31,F:Free,,A:Normal value,117.04
"BIS,WS_EER,1.0",M.R.B.JP,M:Monthly,R:Real,B:Broad (64 economies),JP:Japan,"Index, 2020 = 100",,2006-04-30,F:Free,,A:Normal value,115.83
"BIS,WS_EER,1.0",M.R.B.JP,M:Monthly,R:Real,B:Broad (64 economies),JP:Japan,"Index, 2020 = 100",,2006-05-31,F:Free,,A:Normal value,119.89
"BIS,WS_EER,1.0",M.R.B.JP,M:Monthly,R:Real,B:Broad (64 economies),JP:Japan,"Index, 2020 = 100",,2006-06-30,F:Free,,A:Normal value,117.88
"BIS,WS_EER,1.0",M.R.B.JP,M:Monthly,R:Real,B:Broad (64 economies),JP:Japan,"Index, 2020 = 100",,2006-07-31,F:Free,,A:Normal value,116.12
"BIS,WS_EER,1.0",M.R.B.JP,M:Monthly,R:Real,B:Broad (64 economies),JP:Japan,"Index, 2020 = 100",,2006-08-31,F:Free,,A:Normal value,115.99
"BIS,WS_EER,1.0",M.R.B.JP,M:Monthly,R:Real,B:Broad (64 economies),JP:Japan,"Index, 2020 = 100",,2006-09-30,F:Free,,A:Normal value,114.83
"BIS,WS_EER,1.0",M.R.B.JP,M:Monthly,R:Real,B:Broad (64 economies),JP:Japan,"Index, 2020 = 100",,2006-10-31,F:Free,,A:Normal value,113.28
"BIS,WS_EER,1.0",M.R.B.JP,M:Monthly,R:Real,B:Broad (64 economies),JP:Japan,"Index, 2020 = 100",,2006-11-30,F:Free,,A:Normal value,112.68
"BIS,WS_EER,1.0",M.R.B.JP,M:Monthly,R:Real,B:Broad (64 economies),JP:Japan,"Index, 2020 = 100",,2006-12-31,F:Free,,A:Normal value,111.18
"BIS,WS_EER,1.0",M.R.B.JP,M:Monthly,R:Real,B:Broad (64 economies),JP:Japan,"Index, 2020 = 100",,2007-01-31,F:Free,,A:Normal value,108.22
"BIS,WS_EER,1.0",M.R.B.JP,M:Monthly,R:Real,B:Broad (64 economies),JP:Japan,"Index, 2020 = 100",,2007-02-28,F:Free,,A:Normal value,106.54
"BIS,WS_EER,1.0",M.R.B.JP,M:Monthly,R:Real,B:Broad (64 economies),JP:Japan,"Index, 2020 = 100",,2007-03-31,F:Free,,A:Normal value,109.24
"BIS,WS_EER,1.0",M.R.B.JP,M:Monthly,R:Real,B:Broad (64 economies),JP:Japan,"Index, 2020 = 100",,2007-04-30,F:Free,,A:Normal value,106.57
"BIS,WS_EER,1.0",M.R.B.JP,M:Monthly,R:Real,B:Broad (64 economies),JP:Japan,"Index, 2020 = 100",,2007-05-31,F:Free,,A:Normal value,104.47
"BIS,WS_EER,1.0",M.R.B.JP,M:Monthly,R:Real,B:Broad (64 economies),JP:Japan,"Index, 2020 = 100",,2007-06-30,F:Free,,A:Normal value,102.38
"BIS,WS_EER,1.0",M.R.B.JP,M:Monthly,R:Real,B:Broad (64 economies),JP:Japan,"Index, 2020 = 100",,2007-07-31,F:Free,,A:Normal value,101.65
"BIS,WS_EER,1.0",M.R.B.JP,M:Monthly,R:Real,B:Broad (64 economies),JP:Japan,"Index, 2020 = 100",,2007-08-31,F:Free,,A:Normal value,106.9
"BIS,WS_EER,1.0",M.R.B.JP,M:Monthly,R:Real,B:Broad (64 economies),JP:Japan,"Index, 2020 = 100",,2007-09-30,F:Free,,A:Normal value,107.28
"BIS,WS_EER,1.0",M.R.B.JP,M:Monthly,R:Real,B:Broad (64 economies),JP:Japan,"Index, 2020 = 100",,2007-10-31,F:Free,,A:Normal value,104.62
"BIS,WS_EER,1.0",M.R.B.JP,M:Monthly,R:Real,B:Broad (64 economies),JP:Japan,"Index, 2020 = 100",,2007-11-30,F:Free,,A:Normal value,107.5
"BIS,WS_EER,1.0",M.R.B.JP,M:Monthly,R:Real,B:Broad (64 economies),JP:Japan,"Index, 2020 = 100",,2007-12-31,F:Free,,A:Normal value,106.21
"BIS,WS_EER,1.0",M.R.B.JP,M:Monthly,R:Real,B:Broad (64 economies),JP:Japan,"Index, 2020 = 100",,2008-01-31,F:Free,,A:Normal value,109.13
"BIS,WS_EER,1.0",M.R.B.JP,M:Monthly,R:Real,B:Broad (64 economies),JP:Japan,"Index, 2020 = 100",,2008-02-29,F:Free,,A:Normal value,107.79
"BIS,WS_EER,1.0",M.R.B.JP,M:Monthly,R:Real,B:Broad (64 economies),JP:Japan,"Index, 2020 = 100",,2008-03-31,F:Free,,A:Normal value,113.16
"BIS,WS_EER,1.0",M.R.B.JP,M:Monthly,R:Real,B:Broad (64 economies),JP:Japan,"Index, 2020 = 100",,2008-04-30,F:Free,,A:Normal value,109.93
"BIS,WS_EER,1.0",M.R.B.JP,M:Monthly,R:Real,B:Broad (64 economies),JP:Japan,"Index, 2020 = 100",,2008-05-31,F:Free,,A:Normal value,109.19
"BIS,WS_EER,1.0",M.R.B.JP,M:Monthly,R:Real,B:Broad (64 economies),JP:Japan,"Index, 2020 = 100",,2008-06-30,F:Free,,A:Normal value,106.31
"BIS,WS_EER,1.0",M.R.B.JP,M:Monthly,R:Real,B:Broad (64 economies),JP:Japan,"Index, 2020 = 100",,2008-07-31,F:Free,,A:Normal value,105.42
"BIS,WS_EER,1.0",M.R.B.JP,M:Monthly,R:Real,B:Broad (64 economies),JP:Japan,"Index, 2020 = 100",,2008-08-31,F:Free,,A:Normal value,105.53
"BIS,WS_EER,1.0",M.R.B.JP,M:Monthly,R:Real,B:Broad (64 economies),JP:Japan,"Index, 2020 = 100",,2008-09-30,F:Free,,A:Normal value,110.52
"BIS,WS_EER,1.0",M.R.B.JP,M:Monthly,R:Real,B:Broad (64 economies),JP:Japan,"Index, 2020 = 100",,2008-10-31,F:Free,,A:Normal value,122.97
"BIS,WS_EER,1.0",M.R.B.JP,M:Monthly,R:Real,B:Broad (64 economies),JP:Japan,"Index, 2020 = 100",,2008-11-30,F:Free,,A:Normal value,129.92
"BIS,WS_EER,1.0",M.R.B.JP,M:Monthly,R:Real,B:Broad (64 economies),JP:Japan,"Index, 2020 = 100",,2008-12-31,F:Free,,A:Normal value,137.01
"BIS,WS_EER,1.0",M.R.B.JP,M:Monthly,R:Real,B:Broad (64 economies),JP:Japan,"Index, 2020 = 100",,2009-01-31,F:Free,,A:Normal value,137.52
"BIS,WS_EER,1.0",M.R.B.JP,M:Monthly,R:Real,B:Broad (64 economies),JP:Japan,"Index, 2020 = 100",,2009-02-28,F:Free,,A:Normal value,136.06
"BIS,WS_EER,1.0",M.R.B.JP,M:Monthly,R:Real,B:Broad (64 economies),JP:Japan,"Index, 2020 = 100",,2009-03-31,F:Free,,A:Normal value,128.82
"BIS,WS_EER,1.0",M.R.B.JP,M:Monthly,R:Real,B:Broad (64 economies),JP:Japan,"Index, 2020 = 100",,2009-04-30,F:Free,,A:Normal value,125.29
"BIS,WS_EER,1.0",M.R.B.JP,M:Monthly,R:Real,B:Broad (64 economies),JP:Japan,"Index, 2020 = 100",,2009-05-31,F:Free,,A:Normal value,124.95
"BIS,WS_EER,1.0",M.R.B.JP,M:Monthly,R:Real,B:Broad (64 economies),JP:Japan,"Index, 2020 = 100",,2009-06-30,F:Free,,A:Normal value,123.55
"BIS,WS_EER,1.0",M.R.B.JP,M:Monthly,R:Real,B:Broad (64 economies),JP:Japan,"Index, 2020 = 100",,2009-07-31,F:Free,,A:Normal value,125.77
"BIS,WS_EER,1.0",M.R.B.JP,M:Monthly,R:Real,B:Broad (64 economies),JP:Japan,"Index, 2020 = 100",,2009-08-31,F:Free,,A:Normal value,124.36
"BIS,WS_EER,1.0",M.R.B.JP,M:Monthly,R:Real,B:Broad (64 economies),JP:Japan,"Index, 2020 = 100",,2009-09-30,F:Free,,A:Normal value,127.71
"BIS,WS_EER,1.0",M.R.B.JP,M:Monthly,R:Real,B:Broad (64 economies),JP:Japan,"Index, 2020 = 100",,2009-10-31,F:Free,,A:Normal value,127.1
"BIS,WS_EER,1.0",M.R.B.JP,M:Monthly,R:Real,B:Broad (64 economies),JP:Japan,"Index, 2020 = 100",,2009-11-30,F:Free,,A:Normal value,127.83
"BIS,WS_EER,1.0",M.R.B.JP,M:Monthly,R:Real,B:Broad (64 economies),JP:Japan,"Index, 2020 = 100",,2009-12-31,F:Free,,A:Normal value,126.84
"BIS,WS_EER,1.0",M.R.B.JP,M:Monthly,R:Real,B:Broad (64 economies),JP:Japan,"Index, 2020 = 100",,2010-01-31,F:Free,,A:Normal value,124.5
"BIS,WS_EER,1.0",M.R.B.JP,M:Monthly,R:Real,B:Broad (64 economies),JP:Japan,"Index, 2020 = 100",,2010-02-28,F:Free,,A:Normal value,126.81
"BIS,WS_EER,1.0",M.R.B.JP,M:Monthly,R:Real,B:Broad (64 economies),JP:Japan,"Index, 2020 = 100",,2010-03-31,F:Free,,A:Normal value,125.81
"BIS,WS_EER,1.0",M.R.B.JP,M:Monthly,R:Real,B:Broad (64 economies),JP:Japan,"Index, 2020 = 100",,2010-04-30,F:Free,,A:Normal value,121.11
"BIS,WS_EER,1.0",M.R.B.JP,M:Monthly,R:Real,B:Broad (64 economies),JP:Japan,"Index, 2020 = 100",,2010-05-31,F:Free,,A:Normal value,125.49
"BIS,WS_EER,1.0",M.R.B.JP,M:Monthly,R:Real,B:Broad (64 economies),JP:Japan,"Index, 2020 = 100",,2010-06-30,F:Free,,A:Normal value,128.28
"BIS,WS_EER,1.0",M.R.B.JP,M:Monthly,R:Real,B:Broad (64 economies),JP:Japan,"Index, 2020 = 100",,2010-07-31,F:Free,,A:Normal value,130.53
"BIS,WS_EER,1.0",M.R.B.JP,M:Monthly,R:Real,B:Broad (64 economies),JP:Japan,"Index, 2020 = 100",,2010-08-31,F:Free,,A:Normal value,132.58
"BIS,WS_EER,1.0",M.R.B.JP,M:Monthly,R:Real,B:Broad (64 economies),JP:Japan,"Index, 2020 = 100",,2010-09-30,F:Free,,A:Normal value,132.65
"BIS,WS_EER,1.0",M.R.B.JP,M:Monthly,R:Real,B:Broad (64 economies),JP:Japan,"Index, 2020 = 100",,2010-10-31,F:Free,,A:Normal value,133.64
"BIS,WS_EER,1.0",M.R.B.JP,M:Monthly,R:Real,B:Broad (64 economies),JP:Japan,"Index, 2020 = 100",,2010-11-30,F:Free,,A:Normal value,131.82
"BIS,WS_EER,1.0",M.R.B.JP,M:Monthly,R:Real,B:Broad (64 economies),JP:Japan,"Index, 2020 = 100",,2010-12-31,F:Free,,A:Normal value,130.63
"BIS,WS_EER,1.0",M.R.B.JP,M:Monthly,R:Real,B:Broad (64 economies),JP:Japan,"Index, 2020 = 100",,2011-01-31,F:Free,,A:Normal value,129.84
"BIS,WS_EER,1.0",M.R.B.JP,M:Monthly,R:Real,B:Broad (64 economies),JP:Japan,"Index, 2020 = 100",,2011-02-28,F:Free,,A:Normal value,128.13
"BIS,WS_EER,1.0",M.R.B.JP,M:Monthly,R:Real,B:Broad (64 economies),JP:Japan,"Index, 2020 = 100",,2011-03-31,F:Free,,A:Normal value,128.53
"BIS,WS_EER,1.0",M.R.B.JP,M:Monthly,R:Real,B:Broad (64 economies),JP:Japan,"Index, 2020 = 100",,2011-04-30,F:Free,,A:Normal value,123.86
"BIS,WS_EER,1.0",M.R.B.JP,M:Monthly,R:Real,B:Broad (64 economies),JP:Japan,"Index, 2020 = 100",,2011-05-31,F:Free,,A:Normal value,126.8
"BIS,WS_EER,1.0",M.R.B.JP,M:Monthly,R:Real,B:Broad (64 economies),JP:Japan,"Index, 2020 = 100",,2011-06-30,F:Free,,A:Normal value,127.55
"BIS,WS_EER,1.0",M.R.B.JP,M:Monthly,R:Real,B:Broad (64 economies),JP:Japan,"Index, 2020 = 100",,2011-07-31,F:Free,,A:Normal value,128.54
"BIS,WS_EER,1.0",M.R.B.JP,M:Monthly,R:Real,B:Broad (64 economies),JP:Japan,"Index, 2020 = 100",,2011-08-31,F:Free,,A:Normal value,132.2
"BIS,WS_EER,1.0",M.R.B.JP,M:Monthly,R:Real,B:Broad (64 economies),JP:Japan,"Index, 2020 = 100",,2011-09-30,F:Free,,A:Normal value,134.77
"BIS,WS_EER,1.0",M.R.B.JP,M:Monthly,R:Real,B:Broad (64 economies),JP:Japan,"Index, 2020 = 100",,2011-10-31,F:Free,,A:Normal value,135.86
"BIS,WS_EER,1.0",M.R.B.JP,M:Monthly,R:Real,B:Broad (64 economies),JP:Japan,"Index, 2020 = 100",,2011-11-30,F:Free,,A:Normal value,133.75
"BIS,WS_EER,1.0",M.R.B.JP,M:Monthly,R:Real,B:Broad (64 economies),JP:Japan,"Index, 2020 = 100",,2011-12-31,F:Free,,A:Normal value,133.98
"BIS,WS_EER,1.0",M.R.B.JP,M:Monthly,R:Real,B:Broad (64 economies),JP:Japan,"Index, 2020 = 100",,2012-01-31,F:Free,,A:Normal value,134.95
"BIS,WS_EER,1.0",M.R.B.JP,M:Monthly,R:Real,B:Broad (64 economies),JP:Japan,"Index, 2020 = 100",,2012-02-29,F:Free,,A:Normal value,130.6
"BIS,WS_EER,1.0",M.R.B.JP,M:Monthly,R:Real,B:Broad (64 economies),JP:Japan,"Index, 2020 = 100",,2012-03-31,F:Free,,A:Normal value,124.53
"BIS,WS_EER,1.0",M.R.B.JP,M:Monthly,R:Real,B:Broad (64 economies),JP:Japan,"Index, 2020 = 100",,2012-04-30,F:Free,,A:Normal value,126.39
"BIS,WS_EER,1.0",M.R.B.JP,M:Monthly,R:Real,B:Broad (64 economies),JP:Japan,"Index, 2020 = 100",,2012-05-31,F:Free,,A:Normal value,130.18
"BIS,WS_EER,1.0",M.R.B.JP,M:Monthly,R:Real,B:Broad (64 economies),JP:Japan,"Index, 2020 = 100",,2012-06-30,F:Free,,A:Normal value,131.89
"BIS,WS_EER,1.0",M.R.B.JP,M:Monthly,R:Real,B:Broad (64 economies),JP:Japan,"Index, 2020 = 100",,2012-07-31,F:Free,,A:Normal value,131.84
"BIS,WS_EER,1.0",M.R.B.JP,M:Monthly,R:Real,B:Broad (64 economies),JP:Japan,"Index, 2020 = 100",,2012-08-31,F:Free,,A:Normal value,131.32
"BIS,WS_EER,1.0",M.R.B.JP,M:Monthly,R:Real,B:Broad (64 economies),JP:Japan,"Index, 2020 = 100",,2012-09-30,F:Free,,A:Normal value,130.31
"BIS,WS_EER,1.0",M.R.B.JP,M:Monthly,R:Real,B:Broad (64 economies),JP:Japan,"Index, 2020 = 100",,2012-10-31,F:Free,,A:Normal value,128.09
"BIS,WS_EER,1.0",M.R.B.JP,M:Monthly,R:Real,B:Broad (64 economies),JP:Japan,"Index, 2020 = 100",,2012-11-30,F:Free,,A:Normal value,124.56
"BIS,WS_EER,1.0",M.R.B.JP,M:Monthly,R:Real,B:Broad (64 economies),JP:Japan,"Index, 2020 = 100",,2012-12-31,F:Free,,A:Normal value,119.56
"BIS,WS_EER,1.0",M.R.B.JP,M:Monthly,R:Real,B:Broad (64 economies),JP:Japan,"Index, 2020 = 100",,2013-01-31,F:Free,,A:Normal value,111.68
"BIS,WS_EER,1.0",M.R.B.JP,M:Monthly,R:Real,B:Broad (64 economies),JP:Japan,"Index, 2020 = 100",,2013-02-28,F:Free,,A:Normal value,106.05
"BIS,WS_EER,1.0",M.R.B.JP,M:Monthly,R:Real,B:Broad (64 economies),JP:Japan,"Index, 2020 = 100",,2013-03-31,F:Free,,A:Normal value,105.13
"BIS,WS_EER,1.0",M.R.B.JP,M:Monthly,R:Real,B:Broad (64 economies),JP:Japan,"Index, 2020 = 100",,2013-04-30,F:Free,,A:Normal value,101.81
"BIS,WS_EER,1.0",M.R.B.JP,M:Monthly,R:Real,B:Broad (64 economies),JP:Japan,"Index, 2020 = 100",,2013-05-31,F:Free,,A:Normal value,98.91
"BIS,WS_EER,1.0",M.R.B.JP,M:Monthly,R:Real,B:Broad (64 economies),JP:Japan,"Index, 2020 = 100",,2013-06-30,F:Free,,A:Normal value,103.09
"BIS,WS_EER,1.0",M.R.B.JP,M:Monthly,R:Real,B:Broad (64 economies),JP:Japan,"Index, 2020 = 100",,2013-07-31,F:Free,,A:Normal value,101.16
"BIS,WS_EER,1.0",M.R.B.JP,M:Monthly,R:Real,B:Broad (64 economies),JP:Japan,"Index, 2020 = 100",,2013-08-31,F:Free,,A:Normal value,103.03
"BIS,WS_EER,1.0",M.R.B.JP,M:Monthly,R:Real,B:Broad (64 economies),JP:Japan,"Index, 2020 = 100",,2013-09-30,F:Free,,A:Normal value,101.22
"BIS,WS_EER,1.0",M.R.B.JP,M:Monthly,R:Real,B:Broad (64 economies),JP:Japan,"Index, 2020 = 100",,2013-10-31,F:Free,,A:Normal value,101.77
"BIS,WS_EER,1.0",M.R.B.JP,M:Monthly,R:Real,B:Broad (64 economies),JP:Japan,"Index, 2020 = 100",,2013-11-30,F:Free,,A:Normal value,99.96
"BIS,WS_EER,1.0",M.R.B.JP,M:Monthly,R:Real,B:Broad (64 economies),JP:Japan,"Index, 2020 = 100",,2013-12-31,F:Free,,A:Normal value,96.51
"BIS,WS_EER,1.0",M.R.B.JP,M:Monthly,R:Real,B:Broad (64 economies),JP:Japan,"Index, 2020 = 100",,2014-01-31,F:Free,,A:Normal value,96.11
"BIS,WS_EER,1.0",M.R.B.JP,M:Monthly,R:Real,B:Broad (64 economies),JP:Japan,"Index, 2020 = 100",,2014-02-28,F:Free,,A:Normal value,97.68
"BIS,WS_EER,1.0",M.R.B.JP,M:Monthly,R:Real,B:Broad (64 economies),JP:Japan,"Index, 2020 = 100",,2014-03-31,F:Free,,A:Normal value,97.53
"BIS,WS_EER,1.0",M.R.B.JP,M:Monthly,R:Real,B:Broad (64 economies),JP:Japan,"Index, 2020 = 100",,2014-04-30,F:Free,,A:Normal value,99.23
"BIS,WS_EER,1.0",M.R.B.JP,M:Monthly,R:Real,B:Broad (64 economies),JP:Japan,"Index, 2020 = 100",,2014-05-31,F:Free,,A:Normal value,100.1
"BIS,WS_EER,1.0",M.R.B.JP,M:Monthly,R:Real,B:Broad (64 economies),JP:Japan,"Index, 2020 = 100",,2014-06-30,F:Free,,A:Normal value,99.83
"BIS,WS_EER,1.0",M.R.B.JP,M:Monthly,R:Real,B:Broad (64 economies),JP:Japan,"Index, 2020 = 100",,2014-07-31,F:Free,,A:Normal value,99.99
"BIS,WS_EER,1.0",M.R.B.JP,M:Monthly,R:Real,B:Broad (64 economies),JP:Japan,"Index, 2020 = 100",,2014-08-31,F:Free,,A:Normal value,99.18
"BIS,WS_EER,1.0",M.R.B.JP,M:Monthly,R:Real,B:Broad (64 economies),JP:Japan,"Index, 2020 = 100",,2014-09-30,F:Free,,A:Normal value,95.94
"BIS,WS_EER,1.0",M.R.B.JP,M:Monthly,R:Real,B:Broad (64 economies),JP:Japan,"Index, 2020 = 100",,2014-10-31,F:Free,,A:Normal value,95.81
"BIS,WS_EER,1.0",M.R.B.JP,M:Monthly,R:Real,B:Broad (64 economies),JP:Japan,"Index, 2020 = 100",,2014-11-30,F:Free,,A:Normal value,89.64
"BIS,WS_EER,1.0",M.R.B.JP,M:Monthly,R:Real,B:Broad (64 economies),JP:Japan,"Index, 2020 = 100",,2014-12-31,F:Free,,A:Normal value,88.47
"BIS,WS_EER,1.0",M.R.B.JP,M:Monthly,R:Real,B:Broad (64 economies),JP:Japan,"Index, 2020 = 100",,2015-01-31,F:Free,,A:Normal value,90.59
"BIS,WS_EER,1.0",M.R.B.JP,M:Monthly,R:Real,B:Broad (64 economies),JP:Japan,"Index, 2020 = 100",,2015-02-28,F:Free,,A:Normal value,90.25
"BIS,WS_EER,1.0",M.R.B.JP,M:Monthly,R:Real,B:Broad (64 economies),JP:Japan,"Index, 2020 = 100",,2015-03-31,F:Free,,A:Normal value,90.08
"BIS,WS_EER,1.0",M.R.B.JP,M:Monthly,R:Real,B:Broad (64 economies),JP:Japan,"Index, 2020 = 100",,2015-04-30,F:Free,,A:Normal value,90.44
"BIS,WS_EER,1.0",M.R.B.JP,M:Monthly,R:Real,B:Broad (64 economies),JP:Japan,"Index, 2020 = 100",,2015-05-31,F:Free,,A:Normal value,89.14
"BIS,WS_EER,1.0",M.R.B.JP,M:Monthly,R:Real,B:Broad (64 economies),JP:Japan,"Index, 2020 = 100",,2015-06-30,F:Free,,A:Normal value,87.05
"BIS,WS_EER,1.0",M.R.B.JP,M:Monthly,R:Real,B:Broad (64 economies),JP:Japan,"Index, 2020 = 100",,2015-07-31,F:Free,,A:Normal value,87.96
"BIS,WS_EER,1.0",M.R.B.JP,M:Monthly,R:Real,B:Broad (64 economies),JP:Japan,"Index, 2020 = 100",,2015-08-31,F:Free,,A:Normal value,89.5
"BIS,WS_EER,1.0",M.R.B.JP,M:Monthly,R:Real,B:Broad (64 economies),JP:Japan,"Index, 2020 = 100",,2015-09-30,F:Free,,A:Normal value,92.4
"BIS,WS_EER,1.0",M.R.B.JP,M:Monthly,R:Real,B:Broad (64 economies),JP:Japan,"Index, 2020 = 100",,2015-10-31,F:Free,,A:Normal value,91.86
"BIS,WS_EER,1.0",M.R.B.JP,M:Monthly,R:Real,B:Broad (64 economies),JP:Japan,"Index, 2020 = 100",,2015-11-30,F:Free,,A:Normal value,90.64
"BIS,WS_EER,1.0",M.R.B.JP,M:Monthly,R:Real,B:Broad (64 economies),JP:Japan,"Index, 2020 = 100",,2015-12-31,F:Free,,A:Normal value,91.8
"BIS,WS_EER,1.0",M.R.B.JP,M:Monthly,R:Real,B:Broad (64 economies),JP:Japan,"Index, 2020 = 100",,2016-01-31,F:Free,,A:Normal value,95.46
"BIS,WS_EER,1.0",M.R.B.JP,M:Monthly,R:Real,B:Broad (64 economies),JP:Japan,"Index, 2020 = 100",,2016-02-29,F:Free,,A:Normal value,97.04
"BIS,WS_EER,1.0",M.R.B.JP,M:Monthly,R:Real,B:Broad (64 economies),JP:Japan,"Index, 2020 = 100",,2016-03-31,F:Free,,A:Normal value,97.57
"BIS,WS_EER,1.0",M.R.B.JP,M:Monthly,R:Real,B:Broad (64 economies),JP:Japan,"Index, 2020 = 100",,2016-04-30,F:Free,,A:Normal value,99.56
"BIS,WS_EER,1.0",M.R.B.JP,M:Monthly,R:Real,B:Broad (64 economies),JP:Japan,"Index, 2020 = 100",,2016-05-31,F:Free,,A:Normal value,101.09
"BIS,WS_EER,1.0",M.R.B.JP,M:Monthly,R:Real,B:Broad (64 economies),JP:Japan,"Index, 2020 = 100",,2016-06-30,F:Free,,A:Normal value,104.48
"BIS,WS_EER,1.0",M.R.B.JP,M:Monthly,R:Real,B:Broad (64 economies),JP:Japan,"Index, 2020 = 100",,2016-07-31,F:Free,,A:Normal value,106.1
"BIS,WS_EER,1.0",M.R.B.JP,M:Monthly,R:Real,B:Broad (64 economies),JP:Japan,"Index, 2020 = 100",,2016-08-31,F:Free,,A:Normal value,108.28
"BIS,WS_EER,1.0",M.R.B.JP,M:Monthly,R:Real,B:Broad (64 economies),JP:Japan,"Index, 2020 = 100",,2016-09-30,F:Free,,A:Normal value,107.58
"BIS,WS_EER,1.0",M.R.B.JP,M:Monthly,R:Real,B:Broad (64 economies),JP:Japan,"Index, 2020 = 100",,2016-10-31,F:Free,,A:Normal value,106.96
"BIS,WS_EER,1.0",M.R.B.JP,M:Monthly,R:Real,B:Broad (64 economies),JP:Japan,"Index, 2020 = 100",,2016-11-30,F:Free,,A:Normal value,104.05
"BIS,WS_EER,1.0",M.R.B.JP,M:Monthly,R:Real,B:Broad (64 economies),JP:Japan,"Index, 2020 = 100",,2016-12-31,F:Free,,A:Normal value,97.79
"BIS,WS_EER,1.0",M.R.B.JP,M:Monthly,R:Real,B:Broad (64 economies),JP:Japan,"Index, 2020 = 100",,2017-01-31,F:Free,,A:Normal value,97.79
"BIS,WS_EER,1.0",M.R.B.JP,M:Monthly,R:Real,B:Broad (64 economies),JP:Japan,"Index, 2020 = 100",,2017-02-28,F:Free,,A:Normal value,98.46
"BIS,WS_EER,1.0",M.R.B.JP,M:Monthly,R:Real,B:Broad (64 economies),JP:Japan,"Index, 2020 = 100",,2017-03-31,F:Free,,A:Normal value,98.36
"BIS,WS_EER,1.0",M.R.B.JP,M:Monthly,R:Real,B:Broad (64 economies),JP:Japan,"Index, 2020 = 100",,2017-04-30,F:Free,,A:Normal value,100.78
"BIS,WS_EER,1.0",M.R.B.JP,M:Monthly,R:Real,B:Broad (64 economies),JP:Japan,"Index, 2020 = 100",,2017-05-31,F:Free,,A:Normal value,98.37
"BIS,WS_EER,1.0",M.R.B.JP,M:Monthly,R:Real,B:Broad (64 economies),JP:Japan,"Index, 2020 = 100",,2017-06-30,F:Free,,A:Normal value,98.62
"BIS,WS_EER,1.0",M.R.B.JP,M:Monthly,R:Real,B:Broad (64 economies),JP:Japan,"Index, 2020 = 100",,2017-07-31,F:Free,,A:Normal value,96.4
"BIS,WS_EER,1.0",M.R.B.JP,M:Monthly,R:Real,B:Broad (64 economies),JP:Japan,"Index, 2020 = 100",,2017-08-31,F:Free,,A:Normal value,97.59
"BIS,WS_EER,1.0",M.R.B.JP,M:Monthly,R:Real,B:Broad (64 economies),JP:Japan,"Index, 2020 = 100",,2017-09-30,F:Free,,A:Normal value,95.93
"BIS,WS_EER,1.0",M.R.B.JP,M:Monthly,R:Real,B:Broad (64 economies),JP:Japan,"Index, 2020 = 100",,2017-10-31,F:Free,,A:Normal value,94.73
"BIS,WS_EER,1.0",M.R.B.JP,M:Monthly,R:Real,B:Broad (64 economies),JP:Japan,"Index, 2020 = 100",,2017-11-30,F:Free,,A:Normal value,94.94
"BIS,WS_EER,1.0",M.R.B.JP,M:Monthly,R:Real,B:Broad (64 economies),JP:Japan,"Index, 2020 = 100",,2017-12-31,F:Free,,A:Normal value,94.36
"BIS,WS_EER,1.0",M.R.B.JP,M:Monthly,R:Real,B:Broad (64 economies),JP:Japan,"Index, 2020 = 100",,2018-01-31,F:Free,,A:Normal value,94.12
"BIS,WS_EER,1.0",M.R.B.JP,M:Monthly,R:Real,B:Broad (64 economies),JP:Japan,"Index, 2020 = 100",,2018-02-28,F:Free,,A:Normal value,95.29
"BIS,WS_EER,1.0",M.R.B.JP,M:Monthly,R:Real,B:Broad (64 economies),JP:Japan,"Index, 2020 = 100",,2018-03-31,F:Free,,A:Normal value,97.0
"BIS,WS_EER,1.0",M.R.B.JP,M:Monthly,R:Real,B:Broad (64 economies),JP:Japan,"Index, 2020 = 100",,2018-04-30,F:Free,,A:Normal value,95.54
"BIS,WS_EER,1.0",M.R.B.JP,M:Monthly,R:Real,B:Broad (64 economies),JP:Japan,"Index, 2020 = 100",,2018-05-31,F:Free,,A:Normal value,95.37
"BIS,WS_EER,1.0",M.R.B.JP,M:Monthly,R:Real,B:Broad (64 economies),JP:Japan,"Index, 2020 = 100",,2018-06-30,F:Free,,A:Normal value,95.93
"BIS,WS_EER,1.0",M.R.B.JP,M:Monthly,R:Real,B:Broad (64 economies),JP:Japan,"Index, 2020 = 100",,2018-07-31,F:Free,,A:Normal value,96.18
"BIS,WS_EER,1.0",M.R.B.JP,M:Monthly,R:Real,B:Broad (64 economies),JP:Japan,"Index, 2020 = 100",,2018-08-31,F:Free,,A:Normal value,97.85
"BIS,WS_EER,1.0",M.R.B.JP,M:Monthly,R:Real,B:Broad (64 economies),JP:Japan,"Index, 2020 = 100",,2018-09-30,F:Free,,A:Normal value,96.78
"BIS,WS_EER,1.0",M.R.B.JP,M:Monthly,R:Real,B:Broad (64 economies),JP:Japan,"Index, 2020 = 100",,2018-10-31,F:Free,,A:Normal value,96.78
"BIS,WS_EER,1.0",M.R.B.JP,M:Monthly,R:Real,B:Broad (64 economies),JP:Japan,"Index, 2020 = 100",,2018-11-30,F:Free,,A:Normal value,96.61
"BIS,WS_EER,1.0",M.R.B.JP,M:Monthly,R:Real,B:Broad (64 economies),JP:Japan,"Index, 2020 = 100",,2018-12-31,F:Free,,A:Normal value,97.09
"BIS,WS_EER,1.0",M.R.B.JP,M:Monthly,R:Real,B:Broad (64 economies),JP:Japan,"Index, 2020 = 100",,2019-01-31,F:Free,,A:Normal value,99.19
"BIS,WS_EER,1.0",M.R.B.JP,M:Monthly,R:Real,B:Broad (64 economies),JP:Japan,"Index, 2020 = 100",,2019-02-28,F:Free,,A:Normal value,96.92
"BIS,WS_EER,1.0",M.R.B.JP,M:Monthly,R:Real,B:Broad (64 economies),JP:Japan,"Index, 2020 = 100",,2019-03-31,F:Free,,A:Normal value,96.21
"BIS,WS_EER,1.0",M.R.B.JP,M:Monthly,R:Real,B:Broad (64 economies),JP:Japan,"Index, 2020 = 100",,2019-04-30,F:Free,,A:Normal value,96.0
"BIS,WS_EER,1.0",M.R.B.JP,M:Monthly,R:Real,B:Broad (64 economies),JP:Japan,"Index, 2020 = 100",,2019-05-31,F:Free,,A:Normal value,98.51
"BIS,WS_EER,1.0",M.R.B.JP,M:Monthly,R:Real,B:Broad (64 economies),JP:Japan,"Index, 2020 = 100",,2019-06-30,F:Free,,A:Normal value,99.79
"BIS,WS_EER,1.0",M.R.B.JP,M:Monthly,R:Real,B:Broad (64 economies),JP:Japan,"Index, 2020 = 100",,2019-07-31,F:Free,,A:Normal value,99.33
"BIS,WS_EER,1.0",M.R.B.JP,M:Monthly,R:Real,B:Broad (64 economies),JP:Japan,"Index, 2020 = 100",,2019-08-31,F:Free,,A:Normal value,102.87
"BIS,WS_EER,1.0",M.R.B.JP,M:Monthly,R:Real,B:Broad (64 economies),JP:Japan,"Index, 2020 = 100",,2019-09-30,F:Free,,A:Normal value,101.64
"BIS,WS_EER,1.0",M.R.B.JP,M:Monthly,R:Real,B:Broad (64 economies),JP:Japan,"Index, 2020 = 100",,2019-10-31,F:Free,,A:Normal value,100.47
"BIS,WS_EER,1.0",M.R.B.JP,M:Monthly,R:Real,B:Broad (64 economies),JP:Japan,"Index, 2020 = 100",,2019-11-30,F:Free,,A:Normal value,99.19
"BIS,WS_EER,1.0",M.R.B.JP,M:Monthly,R:Real,B:Broad (64 economies),JP:Japan,"Index, 2020 = 100",,2019-12-31,F:Free,,A:Normal value,98.55
"BIS,WS_EER,1.0",M.R.B.JP,M:Monthly,R:Real,B:Broad (64 economies),JP:Japan,"Index, 2020 = 100",,2020-01-31,F:Free,,A:Normal value,97.49
"BIS,WS_EER,1.0",M.R.B.JP,M:Monthly,R:Real,B:Broad (64 economies),JP:Japan,"Index, 2020 = 100",,2020-02-29,F:Free,,A:Normal value,97.35
"BIS,WS_EER,1.0",M.R.B.JP,M:Monthly,R:Real,B:Broad (64 economies),JP:Japan,"Index, 2020 = 100",,2020-03-31,F:Free,,A:Normal value,101.6
"BIS,WS_EER,1.0",M.R.B.JP,M:Monthly,R:Real,B:Broad (64 economies),JP:Japan,"Index, 2020 = 100",,2020-04-30,F:Free,,A:Normal value,102.99
"BIS,WS_EER,1.0",M.R.B.JP,M:Monthly,R:Real,B:Broad (64 economies),JP:Japan,"Index, 2020 = 100",,2020-05-31,F:Free,,A:Normal value,103.41
"BIS,WS_EER,1.0",M.R.B.JP,M:Monthly,R:Real,B:Broad (64 economies),JP:Japan,"Index, 2020 = 100",,2020-06-30,F:Free,,A:Normal value,100.93
"BIS,WS_EER,1.0",M.R.B.JP,M:Monthly,R:Real,B:Broad (64 economies),JP:Japan,"Index, 2020 = 100",,2020-07-31,F:Free,,A:Normal value,100.75
"BIS,WS_EER,1.0",M.R.B.JP,M:Monthly,R:Real,B:Broad (64 economies),JP:Japan,"Index, 2020 = 100",,2020-08-31,F:Free,,A:Normal value,100.24
"BIS,WS_EER,1.0",M.R.B.JP,M:Monthly,R:Real,B:Broad (64 economies),JP:Japan,"Index, 2020 = 100",,2020-09-30,F:Free,,A:Normal value,99.75
"BIS,WS_EER,1.0",M.R.B.JP,M:Monthly,R:Real,B:Broad (64 economies),JP:Japan,"Index, 2020 = 100",,2020-10-31,F:Free,,A:Normal value,99.35
"BIS,WS_EER,1.0",M.R.B.JP,M:Monthly,R:Real,B:Broad (64 economies),JP:Japan,"Index, 2020 = 100",,2020-11-30,F:Free,,A:Normal value,98.69
"BIS,WS_EER,1.0",M.R.B.JP,M:Monthly,R:Real,B:Broad (64 economies),JP:Japan,"Index, 2020 = 100",,2020-12-31,F:Free,,A:Normal value,97.44
"BIS,WS_EER,1.0",M.R.B.JP,M:Monthly,R:Real,B:Broad (64 economies),JP:Japan,"Index, 2020 = 100",,2021-01-31,F:Free,,A:Normal value,97.05
"BIS,WS_EER,1.0",M.R.B.JP,M:Monthly,R:Real,B:Broad (64 economies),JP:Japan,"Index, 2020 = 100",,2021-02-28,F:Free,,A:Normal value,95.02
"BIS,WS_EER,1.0",M.R.B.JP,M:Monthly,R:Real,B:Broad (64 economies),JP:Japan,"Index, 2020 = 100",,2021-03-31,F:Free,,A:Normal value,93.11
"BIS,WS_EER,1.0",M.R.B.JP,M:Monthly,R:Real,B:Broad (64 economies),JP:Japan,"Index, 2020 = 100",,2021-04-30,F:Free,,A:Normal value,91.83
"BIS,WS_EER,1.0",M.R.B.JP,M:Monthly,R:Real,B:Broad (64 economies),JP:Japan,"Index, 2020 = 100",,2021-05-31,F:Free,,A:Normal value,91.04
"BIS,WS_EER,1.0",M.R.B.JP,M:Monthly,R:Real,B:Broad (64 economies),JP:Japan,"Index, 2020 = 100",,2021-06-30,F:Free,,A:Normal value,90.25
"BIS,WS_EER,1.0",M.R.B.JP,M:Monthly,R:Real,B:Broad (64 economies),JP:Japan,"Index, 2020 = 100",,2021-07-31,F:Free,,A:Normal value,91.11
"BIS,WS_EER,1.0",M.R.B.JP,M:Monthly,R:Real,B:Broad (64 economies),JP:Japan,"Index, 2020 = 100",,2021-08-31,F:Free,,A:Normal value,91.44
"BIS,WS_EER,1.0",M.R.B.JP,M:Monthly,R:Real,B:Broad (64 economies),JP:Japan,"Index, 2020 = 100",,2021-09-30,F:Free,,A:Normal value,91.14
"BIS,WS_EER,1.0",M.R.B.JP,M:Monthly,R:Real,B:Broad (64 economies),JP:Japan,"Index, 2020 = 100",,2021-10-31,F:Free,,A:Normal value,88.25
"BIS,WS_EER,1.0",M.R.B.JP,M:Monthly,R:Real,B:Broad (64 economies),JP:Japan,"Index, 2020 = 100",,2021-11-30,F:Free,,A:Normal value,87.59
"BIS,WS_EER,1.0",M.R.B.JP,M:Monthly,R:Real,B:Broad (64 economies),JP:Japan,"Index, 2020 = 100",,2021-12-31,F:Free,,A:Normal value,87.75
"BIS,WS_EER,1.0",M.R.B.JP,M:Monthly,R:Real,B:Broad (64 economies),JP:Japan,"Index, 2020 = 100",,2022-01-31,F:Free,,A:Normal value,86.66
"BIS,WS_EER,1.0",M.R.B.JP,M:Monthly,R:Real,B:Broad (64 economies),JP:Japan,"Index, 2020 = 100",,2022-02-28,F:Free,,A:Normal value,85.89
"BIS,WS_EER,1.0",M.R.B.JP,M:Monthly,R:Real,B:Broad (64 economies),JP:Japan,"Index, 2020 = 100",,2022-03-31,F:Free,,A:Normal value,83.97
"BIS,WS_EER,1.0",M.R.B.JP,M:Monthly,R:Real,B:Broad (64 economies),JP:Japan,"Index, 2020 = 100",,2022-04-30,F:Free,,A:Normal value,79.3
"BIS,WS_EER,1.0",M.R.B.JP,M:Monthly,R:Real,B:Broad (64 economies),JP:Japan,"Index, 2020 = 100",,2022-05-31,F:Free,,A:Normal value,79.44
"BIS,WS_EER,1.0",M.R.B.JP,M:Monthly,R:Real,B:Broad (64 economies),JP:Japan,"Index, 2020 = 100",,2022-06-30,F:Free,,A:Normal value,75.97
"BIS,WS_EER,1.0",M.R.B.JP,M:Monthly,R:Real,B:Broad (64 economies),JP:Japan,"Index, 2020 = 100",,2022-07-31,F:Free,,A:Normal value,75.7
"BIS,WS_EER,1.0",M.R.B.JP,M:Monthly,R:Real,B:Broad (64 economies),JP:Japan,"Index, 2020 = 100",,2022-08-31,F:Free,,A:Normal value,77.01
"BIS,WS_EER,1.0",M.R.B.JP,M:Monthly,R:Real,B:Broad (64 economies),JP:Japan,"Index, 2020 = 100",,2022-09-30,F:Free,,A:Normal value,74.55
"BIS,WS_EER,1.0",M.R.B.JP,M:Monthly,R:Real,B:Broad (64 economies),JP:Japan,"Index, 2020 = 100",,2022-10-31,F:Free,,A:Normal value,73.71
"BIS,WS_EER,1.0",M.R.B.JP,M:Monthly,R:Real,B:Broad (64 economies),JP:Japan,"Index, 2020 = 100",,2022-11-30,F:Free,,A:Normal value,75.21
"BIS,WS_EER,1.0",M.R.B.JP,M:Monthly,R:Real,B:Broad (64 economies),JP:Japan,"Index, 2020 = 100",,2022-12-31,F:Free,,A:Normal value,77.68
"BIS,WS_EER,1.0",M.R.B.JP,M:Monthly,R:Real,B:Broad (64 economies),JP:Japan,"Index, 2020 = 100",,2023-01-31,F:Free,,A:Normal value,78.95
"BIS,WS_EER,1.0",M.R.B.JP,M:Monthly,R:Real,B:Broad (64 economies),JP:Japan,"Index, 2020 = 100",,2023-02-28,F:Free,,A:Normal value,77.17
"BIS,WS_EER,1.0",M.R.B.JP,M:Monthly,R:Real,B:Broad (64 economies),JP:Japan,"Index, 2020 = 100",,2023-03-31,F:Free,,A:Normal value,77.49
"BIS,WS_EER,1.0",M.R.B.JP,M:Monthly,R:Real,B:Broad (64 economies),JP:Japan,"Index, 2020 = 100",,2023-04-30,F:Free,,A:Normal value,77.55
"BIS,WS_EER,1.0",M.R.B.JP,M:Monthly,R:Real,B:Broad (64 economies),JP:Japan,"Index, 2020 = 100",,2023-05-31,F:Free,,A:Normal value,76.05
"BIS,WS_EER,1.0",M.R.B.JP,M:Monthly,R:Real,B:Broad (64 economies),JP:Japan,"Index, 2020 = 100",,2023-06-30,F:Free,,A:Normal value,74.34
"BIS,WS_EER,1.0",M.R.B.JP,M:Monthly,R:Real,B:Broad (64 economies),JP:Japan,"Index, 2020 = 100",,2023-07-31,F:Free,,A:Normal value,74.37
"BIS,WS_EER,1.0",M.R.B.JP,M:Monthly,R:Real,B:Broad (64 economies),JP:Japan,"Index, 2020 = 100",,2023-08-31,F:Free,,A:Normal value,73.09
"BIS,WS_EER,1.0",M.R.B.JP,M:Monthly,R:Real,B:Broad (64 economies),JP:Japan,"Index, 2020 = 100",,2023-09-30,F:Free,,A:Normal value,72.34
"BIS,WS_EER,1.0",M.R.B.JP,M:Monthly,R:Real,B:Broad (64 economies),JP:Japan,"Index, 2020 = 100",,2023-10-31,F:Free,,A:Normal value,72.51
"BIS,WS_EER,1.0",M.R.B.JP,M:Monthly,R:Real,B:Broad (64 economies),JP:Japan,"Index, 2020 = 100",,2023-11-30,F:Free,,A:Normal value,71.44
"BIS,WS_EER,1.0",M.R.B.JP,M:Monthly,R:Real,B:Broad (64 economies),JP:Japan,"Index, 2020 = 100",,2023-12-31,F:Free,,A:Normal value,73.4
"BIS,WS_EER,1.0",M.R.B.JP,M:Monthly,R:Real,B:Broad (64 economies),JP:Japan,"Index, 2020 = 100",,2024-01-31,F:Free,,A:Normal value,72.58
"BIS,WS_EER,1.0",M.R.B.JP,M:Monthly,R:Real,B:Broad (64 economies),JP:Japan,"Index, 2020 = 100",,2024-02-29,F:Free,,A:Normal value,70.72
"BIS,WS_EER,1.0",M.R.B.JP,M:Monthly,R:Real,B:Broad (64 economies),JP:Japan,"Index, 2020 = 100",,2024-03-31,F:Free,,A:Normal value,70.81
"BIS,WS_EER,1.0",M.R.B.JP,M:Monthly,R:Real,B:Broad (64 economies),JP:Japan,"Index, 2020 = 100",,2024-04-30,F:Free,,A:Normal value,69.88
"BIS,WS_EER,1.0",M.R.B.JP,M:Monthly,R:Real,B:Broad (64 economies),JP:Japan,"Index, 2020 = 100",,2024-05-31,F:Free,,A:Normal value,68.9
"BIS,WS_EER,1.0",M.R.B.JP,M:Monthly,R:Real,B:Broad (64 economies),JP:Japan,"Index, 2020 = 100",,2024-06-30,F:Free,,A:Normal value,68.37
"BIS,WS_EER,1.0",M.R.B.JP,M:Monthly,R:Real,B:Broad (64 economies),JP:Japan,"Index, 2020 = 100",,2024-07-31,F:Free,,A:Normal value,68.28
"BIS,WS_EER,1.0",M.R.B.JP,M:Monthly,R:Real,B:Broad (64 economies),JP:Japan,"Index, 2020 = 100",,2024-08-31,F:Free,,A:Normal value,72.88
"BIS,WS_EER,1.0",M.R.B.JP,M:Monthly,R:Real,B:Broad (64 economies),JP:Japan,"Index, 2020 = 100",,2024-09-30,F:Free,,A:Normal value,73.5
"BIS,WS_EER,1.0",M.R.B.JP,M:Monthly,R:Real,B:Broad (64 economies),JP:Japan,"Index, 2020 = 100",,2024-10-31,F:Free,,A:Normal value,71.25
"BIS,WS_EER,1.0",M.R.B.JP,M:Monthly,R:Real,B:Broad (64 economies),JP:Japan,"Index, 2020 = 100",,2024-11-30,F:Free,,A:Normal value,71.12
"BIS,WS_EER,1.0",M.R.B.JP,M:Monthly,R:Real,B:Broad (64 economies),JP:Japan,"Index, 2020 = 100",,2024-12-31,F:Free,,A:Normal value,71.85
"BIS,WS_EER,1.0",M.R.B.JP,M:Monthly,R:Real,B:Broad (64 economies),JP:Japan,"Index, 2020 = 100",,2025-01-31,F:Free,,A:Normal value,71.35
"BIS,WS_EER,1.0",M.R.B.JP,M:Monthly,R:Real,B:Broad (64 economies),JP:Japan,"Index, 2020 = 100",,2025-02-28,F:Free,,A:Normal value,72.59
"BIS,WS_EER,1.0",M.R.B.JP,M:Monthly,R:Real,B:Broad (64 economies),JP:Japan,"Index, 2020 = 100",,2025-03-31,F:Free,,A:Normal value,73.47
"BIS,WS_EER,1.0",M.R.B.JP,M:Monthly,R:Real,B:Broad (64 economies),JP:Japan,"Index, 2020 = 100",,2025-04-30,F:Free,,A:Normal value,75.81
"BIS,WS_EER,1.0",M.R.B.JP,M:Monthly,R:Real,B:Broad (64 economies),JP:Japan,"Index, 2020 = 100",,2025-05-31,F:Free,,A:Normal value,74.5
"BIS,WS_EER,1.0",M.R.B.JP,M:Monthly,R:Real,B:Broad (64 economies),JP:Japan,"Index, 2020 = 100",,2025-06-30,F:Free,,A:Normal value,73.68
"BIS,WS_EER,1.0",M.R.B.JP,M:Monthly,R:Real,B:Broad (64 economies),JP:Japan,"Index, 2020 = 100",,2025-07-31,F:Free,,A:Normal value,72.21
"BIS,WS_EER,1.0",M.R.B.JP,M:Monthly,R:Real,B:Broad (64 economies),JP:Japan,"Index, 2020 = 100",,2025-08-31,F:Free,,A:Normal value,72.1
"BIS,WS_EER,1.0",M.R.B.JP,M:Monthly,R:Real,B:Broad (64 economies),JP:Japan,"Index, 2020 = 100",,2025-09-30,F:Free,,A:Normal value,71.53
"BIS,WS_EER,1.0",M.R.B.JP,M:Monthly,R:Real,B:Broad (64 economies),JP:Japan,"Index, 2020 = 100",,2025-10-31,F:Free,,A:Normal value,70.55
"BIS,WS_EER,1.0",M.R.B.JP,M:Monthly,R:Real,B:Broad (64 economies),JP:Japan,"Index, 2020 = 100",,2025-11-30,F:Free,,A:Normal value,69.4
"BIS,WS_EER,1.0",M.R.B.JP,M:Monthly,R:Real,B:Broad (64 economies),JP:Japan,"Index, 2020 = 100",,2025-12-31,F:Free,,A:Normal value,68.26
"BIS,WS_EER,1.0",M.R.B.JP,M:Monthly,R:Real,B:Broad (64 economies),JP:Japan,"Index, 2020 = 100",,2026-01-31,F:Free,,A:Normal value,67.73
